unique_number,id_no,name_en,date_inscribed,category,name_en
12,9,Simien National Park,1978,Natural,Africa
21,18,"Rock-Hewn Churches, Lalibela",1978,Cultural,Africa
29,26,Island of Gor_e,1978,Cultural,Africa
67,63,Virunga National Park,1979,Natural,Africa
22,19,"Fasil Ghebbi, Gondar Region",1979,Cultural,Africa
1639,39,Ngorongoro Conservation Area,1979,Mixed,Africa
38,34,"Forts and Castles, Volta, Greater Accra, Central and Western Regions",1979,Cultural,Africa
149,136,Garamba National Park,1980,Natural,Africa
150,137,Kahuzi-Biega National Park,1980,Natural,Africa
13,10,Lower Valley of the Awash,1980,Cultural,Africa
15,12,Tiya,1980,Cultural,Africa
18,15,Aksum,1980,Cultural,Africa
20,17,Lower Valley of the Omo,1980,Cultural,Africa
39,35,Asante Traditional Buildings,1980,Cultural,Africa
28,25,Djoudj National Bird Sanctuary,1981,Natural,Africa
171,153,Niokolo-Koba National Park,1981,Natural,Africa
159,144,Ruins of Kilwa Kisiwani and Ruins of Songo Mnara,1981,Cultural,Africa
174,156,Serengeti National Park,1981,Natural,Africa
173,155,Mount Nimba Strict Nature Reserve,1981,Natural,Africa
1924,199,Selous Game Reserve,1982,Natural,Africa
216,195,Ta• National Park,1982,Natural,Africa
205,185,Aldabra Atoll,1982,Natural,Africa
291,261,Vall_e de Mai Nature Reserve,1983,Natural,Africa
252,227,Como_ National Park,1983,Natural,Africa
314,280,Salonga National Park,1984,Natural,Africa
323,289,Lake Malawi National Park,1984,Natural,Africa
339,302,"Mana Pools National Park, Sapi and Chewore Safari Areas",1984,Natural,Africa
1560,323,Royal Palaces of Abomey,1985,Cultural,Africa
417,364,Great Zimbabwe National Monument,1986,Cultural,Africa
418,365,Khami Ruins National Monument,1986,Cultural,Africa
470,407,Dja Faunal Reserve,1987,Natural,Africa
466,403,Kilimanjaro National Park,1987,Natural,Africa
553,475,Manovo-Gounda St Floris National Park,1988,Natural,Africa
127,116,Old Towns of Djenn_,1988,Cultural,Africa
131,119,Timbuktu,1988,Cultural,Africa
602,516,Cliff of Bandiagara (Land of the Dogons),1989,Mixed,Africa
593,509,Mosi-oa-Tunya / Victoria Falls,1989,Natural,Africa
576,494,Tsingy de Bemaraha Strict Nature Reserve,1990,Natural,Africa
709,599,Island of Mozambique,1991,Cultural,Africa
678,573,Air and T_n_r_ Natural Reserves,1991,Natural,Africa
806,682,Bwindi Impenetrable National Park,1994,Natural,Africa
808,684,Rwenzori Mountains National Park,1994,Natural,Africa
849,718,Okapi Wildlife Reserve,1996,Natural,Africa
883,749,W National Park of Niger,1996,Natural,Africa
1902,800,Mount Kenya National Park/Natural Forest,1997,Natural,Africa
947,801,Lake Turkana National Parks,1997,Natural,Africa
1093,938,Sukur Cultural Landscape,1999,Cultural,Africa
1069,915,Fossil Hominid Sites of South Africa,1999,Cultural,Africa
1070,916,Robben Island,1999,Cultural,Africa
1067,914,iSimangaliso Wetland Park,1999,Natural,Africa
1561,956,Island of Saint-Louis,2000,Cultural,Africa
192,173,Stone Town of Zanzibar,2000,Cultural,Africa
1885,985,Maloti-Drakensberg Park,2000,Mixed,Africa
1191,1021,Tsodilo,2001,Cultural,Africa
1229,1055,Lamu Old Town,2001,Cultural,Africa
1192,1022,Tombs of Buganda Kings at Kasubi,2001,Cultural,Africa
1111,950,Royal Hill of Ambohimanga,2001,Cultural,Africa
897,761,Kunta Kinteh Island and Related Sites,2003,Cultural,Africa
2061,1099,Mapungubwe Cultural Landscape,2003,Cultural,Africa
345,306,Matobo Hills,2003,Cultural,Africa
1320,1139,Tomb of Askia,2004,Cultural,Africa
1321,1140,"Koutammakou, the Land of the Batammariba",2004,Cultural,Africa
2013,1007,Cape Floral Region Protected Areas,2004,Natural,Africa
1298,1118,Osun-Osogbo Sacred Grove,2005,Cultural,Africa
1342,1162,Vredefort Dome,2005,Natural,Africa
1452,1189,"Harar Jugol, the Fortified Historic Town",2006,Cultural,Africa
1450,476,Chongoni Rock-Art Area,2006,Cultural,Africa
1449,1183,Kondoa Rock-Art Sites,2006,Cultural,Africa
1403,1226,Stone Circles of Senegambia,2006,Cultural,Africa
1404,1227,Aapravasi Ghat,2006,Cultural,Africa
1547,1147,Ecosystem and Relict Cultural Landscape of Lop_-Okanda,2007,Mixed,Africa
1434,1257,Rainforests of the Atsinanana,2007,Natural,Africa
1432,1255,Twyfelfontein or /Ui-//aes,2007,Cultural,Africa
1442,1265,Richtersveld Cultural and Botanical Landscape,2007,Cultural,Africa
1589,1231,Sacred Mijikenda Kaya Forests,2008,Cultural,Africa
1860,1259,Le Morne Cultural Landscape,2008,Cultural,Africa
1696,1225,Ruins of Lorop_ni,2009,Cultural,Africa
1600,1310,"Cidade Velha, Historic Centre of Ribeira Grande",2009,Cultural,Africa
1846,1333,Konso Cultural Landscape,2011,Cultural,Africa
1749,1060,Kenya Lake System in the Great Rift Valley,2011,Natural,Africa
1847,1295,"Fort Jesus, Mombasa",2011,Cultural,Africa
1754,1359,Saloum Delta,2011,Cultural,Africa
1824,1400,Lakes of Ounianga,2012,Natural,Africa
1919,1322,Historic Town of Grand-Bassam,2012,Cultural,Africa
1832,1407,"Bassari Country: Bassari, Fula and Bedik Cultural Landscapes",2012,Cultural,Africa
1920,1380,Sangha Trinational,2012,Natural,Africa
1915,1430,Namib Sand Sea,2013,Natural,Africa
1905,1268,Historic Centre of Agadez,2013,Cultural,Africa
1976,1432,Okavango Delta,2014,Natural,Africa
2091,1475,Ennedi Massif: Natural and Cultural Landscape,2016,Mixed,Africa
92,86,Memphis and its Necropolis _ the Pyramid Fields from Giza to Dahshur,1979,Cultural,Arab States
93,87,Ancient Thebes with its Necropolis,1979,Cultural,Arab States
94,88,Nubian Monuments from Abu Simbel to Philae,1979,Cultural,Arab States
95,89,Historic Cairo,1979,Cultural,Arab States
96,90,Abu Mena,1979,Cultural,Arab States
1862,20,Ancient City of Damascus,1979,Cultural,Arab States
1744,36,Medina of Tunis,1979,Cultural,Arab States
41,37,Archaeological Site of Carthage,1979,Cultural,Arab States
1741,38,Amphitheatre of El Jem,1979,Cultural,Arab States
111,102,Al Qal'a of Beni Hammad,1980,Cultural,Arab States
25,22,Ancient City of Bosra,1980,Cultural,Arab States
26,23,Site of Palmyra,1980,Cultural,Arab States
11,8,Ichkeul National Park,1980,Natural,Arab States
165,148,Old City of Jerusalem and its Walls,1981,Cultural,Arab States
188,170,Medina of Fez,1981,Cultural,Arab States
209,188,M'Zab Valley,1982,Cultural,Arab States
212,191,Dj_mila,1982,Cultural,Arab States
215,194,Timgad,1982,Cultural,Arab States
203,183,Archaeological Site of Leptis Magna,1982,Cultural,Arab States
204,184,Archaeological Site of Sabratha,1982,Cultural,Arab States
211,190,Archaeological Site of Cyrene,1982,Cultural,Arab States
213,192,Old Walled City of Shibam,1982,Cultural,Arab States
214,193,Tipasa,1982,Cultural,Arab States
198,179,Tassili n'Ajjer,1982,Mixed,Arab States
329,293,Anjar,1984,Cultural,Arab States
330,294,Baalbek,1984,Cultural,Arab States
331,295,Byblos,1984,Cultural,Arab States
335,299,Tyre,1984,Cultural,Arab States
309,277,Hatra,1985,Cultural,Arab States
370,326,Petra,1985,Cultural,Arab States
372,327,Quseir Amra,1985,Cultural,Arab States
321,287,Rock-Art Sites of Tadrart Acacus,1985,Cultural,Arab States
376,331,Medina of Marrakesh,1985,Cultural,Arab States
378,332,Punic Town of Kerkuane and its Necropolis,1985,Cultural,Arab States
415,362,Old Town of Ghadamès,1986,Cultural,Arab States
24,21,Ancient City of Aleppo,1986,Cultural,Arab States
444,385,Old City of Sana'a,1986,Cultural,Arab States
515,444,Ksar of Ait-Ben-Haddou,1987,Cultural,Arab States
502,433,Bahla Fort,1987,Cultural,Arab States
503,434,"Archaeological Sites of Bat, Al-Khutm and Al-Ayn",1988,Cultural,Arab States
1743,498,Medina of Sousse,1988,Cultural,Arab States
1742,499,Kairouan,1988,Cultural,Arab States
590,506,Banc d'Arguin National Park,1989,Natural,Arab States
667,565,Kasbah of Algiers,1992,Cultural,Arab States
725,611,Historic Town of Zabid,1993,Cultural,Arab States
937,793,Historic City of Meknes,1996,Cultural,Arab States
884,750,"Ancient <I>Ksour</I> of Ouadane, Chinguetti, Tichitt and Oualata",1996,Cultural,Arab States
1625,836,Archaeological Site of Volubilis,1997,Cultural,Arab States
986,837,Medina of T_touan (formerly known as Titawin),1997,Cultural,Arab States
938,794,Dougga / Thugga,1997,Cultural,Arab States
1001,850,Ouadi Qadisha (the Holy Valley) and the Forest of the Cedars of God (Horsh Arz el-Rab),1998,Cultural,Arab States
1180,1010,Land of Frankincense,2000,Cultural,Arab States
888,753,Medina of Essaouira (formerly Mogador),2001,Cultural,Arab States
1116,954,Saint Catherine Area,2002,Cultural,Arab States
1310,1130,Ashur (Qal'at Sherqat),2003,Cultural,Arab States
1250,1073,Gebel Barkal and the Sites of the Napatan Region,2003,Cultural,Arab States
1271,1093,Um er-Rasas (Kastrom Mefa'a),2004,Cultural,Arab States
1234,1058,Portuguese City of Mazagan (El Jadida),2004,Cultural,Arab States
2062,1192,QalÕat al-Bahrain _ Ancient Harbour and Capital of Dilmun,2005,Cultural,Arab States
1363,1186,Wadi Al-Hitan (Whale Valley),2005,Natural,Arab States
1384,1207,<i>Aflaj</i> Irrigation Systems of Oman,2006,Cultural,Arab States
1406,1229,Crac des Chevaliers and QalÕat Salah El-Din,2006,Cultural,Arab States
1456,276,Samarra Archaeological City,2007,Cultural,Arab States
1524,1293,Al-Hijr Archaeological Site (Mad‰in S‰lih),2008,Cultural,Arab States
1548,1263,Socotra Archipelago,2008,Natural,Arab States
1659,1329,At-Turaif District in ad-Dir'iyah,2010,Cultural,Arab States
1758,1377,Wadi Rum Protected Area,2011,Mixed,Arab States
1760,1336,Archaeological Sites of the Island of Meroe,2011,Cultural,Arab States
1761,1348,Ancient Villages of Northern Syria,2011,Cultural,Arab States
1762,1343,"Cultural Sites of Al Ain (Hafit, Hili, Bidaa Bint Saud and Oases Areas)",2011,Cultural,Arab States
1859,1364,"Pearling, Testimony of an Island Economy",2012,Cultural,Arab States
1825,1401,"Rabat, Modern Capital and Historic City: a Shared Heritage",2012,Cultural,Arab States
1922,1433,"Birthplace of Jesus: Church of the Nativity and the Pilgrimage Route, Bethlehem",2012,Cultural,Arab States
1948,1402,Al Zubarah Archaeological Site,2013,Cultural,Arab States
1980,1437,Erbil Citadel,2014,Cultural,Arab States
2012,1492,"Palestine: Land of Olives and Vines _ Cultural Landscape of Southern Jerusalem, Battir",2014,Cultural,Arab States
1968,1361,"Historic Jeddah, the Gate to Makkah",2014,Cultural,Arab States
2019,1446,Baptism Site ÒBethany Beyond the JordanÓ (Al-Maghtas),2015,Cultural,Arab States
2033,1472,Rock Art in the Hail Region of Saudi Arabia,2015,Cultural,Arab States
2042,1481,The Ahwar of Southern Iraq: Refuge of Biodiversity and the Relict Landscape of the Mesopotamian Cities,2016,Mixed,Arab States
2177,262,Sanganeb Marine National Park and Dungonab Bay _ Mukkawar Island Marine National Park,2016,Natural,Arab States
122,113,Tchogha Zanbil,1979,Cultural,Asia and the Pacific
123,114,Persepolis,1979,Cultural,Asia and the Pacific
125,115,"Meidan Emam, Esfahan",1979,Cultural,Asia and the Pacific
1448,121,Kathmandu Valley ,1979,Cultural,Asia and the Pacific
132,120,Sagarmatha National Park,1979,Natural,Asia and the Pacific
151,138,Archaeological Ruins at Moenjodaro,1980,Cultural,Asia and the Pacific
153,139,Taxila,1980,Cultural,Asia and the Pacific
154,140,Buddhist Ruins of Takht-i-Bahi and Neighbouring City Remains at Sahr-i-Bahlol,1980,Cultural,Asia and the Pacific
1872,147,Kakadu National Park,1981,Mixed,Asia and the Pacific
185,167,Willandra Lakes Region,1981,Mixed,Asia and the Pacific
158,143,"Historical Monuments at Makli, Thatta",1981,Cultural,Asia and the Pacific
189,171,Fort and Shalamar Gardens in Lahore,1981,Cultural,Asia and the Pacific
172,154,Great Barrier Reef,1981,Natural,Asia and the Pacific
206,186,Lord Howe Island Group,1982,Natural,Asia and the Pacific
221,200,Sacred City of Anuradhapura,1982,Cultural,Asia and the Pacific
222,201,Ancient City of Polonnaruwa,1982,Cultural,Asia and the Pacific
1950,181,Tasmanian Wilderness,1982,Mixed,Asia and the Pacific
223,202,Ancient City of Sigiriya,1982,Cultural,Asia and the Pacific
269,242,Ajanta Caves,1983,Cultural,Asia and the Pacific
270,243,Ellora Caves,1983,Cultural,Asia and the Pacific
281,251,Agra Fort,1983,Cultural,Asia and the Pacific
282,252,Taj Mahal,1983,Cultural,Asia and the Pacific
274,246,"Sun Temple, Kon‰rak",1984,Cultural,Asia and the Pacific
277,249,Group of Monuments at Mahabalipuram,1984,Cultural,Asia and the Pacific
318,284,Chitwan National Park,1984,Natural,Asia and the Pacific
365,321,Historic Mosque City of Bagerhat,1985,Cultural,Asia and the Pacific
366,322,Ruins of the Buddhist Vihara at Paharpur,1985,Cultural,Asia and the Pacific
384,337,Kaziranga National Park,1985,Natural,Asia and the Pacific
385,338,Manas Wildlife Sanctuary,1985,Natural,Asia and the Pacific
387,340,Keoladeo National Park,1985,Natural,Asia and the Pacific
422,368,Gondwana Rainforests of Australia,1986,Natural,Asia and the Pacific
260,234,Churches and Convents of Goa,1986,Cultural,Asia and the Pacific
267,240,Khajuraho Group of Monuments,1986,Cultural,Asia and the Pacific
1932,241,Group of Monuments at Hampi,1986,Cultural,Asia and the Pacific
285,255,Fatehpur Sikri,1986,Cultural,Asia and the Pacific
519,447,Ulu<U>r</U>u-Kata Tju<U>t</U>a National Park,1987,Mixed,Asia and the Pacific
507,437,Mount Taishan,1987,Mixed,Asia and the Pacific
508,438,The Great Wall,1987,Cultural,Asia and the Pacific
510,439,Imperial Palaces of the Ming and Qing Dynasties in Beijing and Shenyang,1987,Cultural,Asia and the Pacific
511,440,Mogao Caves,1987,Cultural,Asia and the Pacific
512,441,Mausoleum of the First Qin Emperor,1987,Cultural,Asia and the Pacific
521,449,Peking Man Site at Zhoukoudian,1987,Cultural,Asia and the Pacific
266,239,Group of Monuments at Pattadakal,1987,Cultural,Asia and the Pacific
272,244,Elephanta Caves,1987,Cultural,Asia and the Pacific
280,250,Great Living Chola Temples,1987,Cultural,Asia and the Pacific
524,452,Sundarbans National Park,1987,Natural,Asia and the Pacific
382,335,Nanda Devi and Valley of Flowers National Parks  ,1988,Natural,Asia and the Pacific
565,486,Wet Tropics of Queensland,1988,Natural,Asia and the Pacific
468,405,Sinharaja Forest Reserve,1988,Natural,Asia and the Pacific
522,450,Sacred City of Kandy,1988,Cultural,Asia and the Pacific
523,451,Old Town of Galle and its Fortifications,1988,Cultural,Asia and the Pacific
613,524,Buddhist Monuments at Sanchi,1989,Cultural,Asia and the Pacific
1933,547,Mount Huangshan,1990,Mixed,Asia and the Pacific
638,543,Itchan Kala,1990,Cultural,Asia and the Pacific
487,421,Tongariro National Park,1990,Mixed,Asia and the Pacific
648,551,Te Wahipounamu _ South West New Zealand,1990,Natural,Asia and the Pacific
684,578,"Shark Bay, Western Australia",1991,Natural,Asia and the Pacific
700,592,Borobudur Temple Compounds,1991,Cultural,Asia and the Pacific
722,608,Ujung Kulon National Park,1991,Natural,Asia and the Pacific
762,642,Prambanan Temple Compounds,1991,Cultural,Asia and the Pacific
679,574,Historic Town of Sukhothai and Associated Historic Towns,1991,Cultural,Asia and the Pacific
681,576,Historic City of Ayutthaya,1991,Cultural,Asia and the Pacific
699,591,Thungyai-Huai Kha Khaeng Wildlife Sanctuaries,1991,Natural,Asia and the Pacific
723,609,Komodo National Park,1991,Natural,Asia and the Pacific
663,561,Golden Temple of Dambulla,1991,Cultural,Asia and the Pacific
748,630,Fraser Island,1992,Natural,Asia and the Pacific
791,668,Angkor,1992,Cultural,Asia and the Pacific
757,637,Jiuzhaigou Valley Scenic and Historic Interest Area,1992,Natural,Asia and the Pacific
758,638,Huanglong Scenic and Historic Interest Area,1992,Natural,Asia and the Pacific
760,640,Wulingyuan Scenic and Historic Interest Area,1992,Natural,Asia and the Pacific
680,575,Ban Chiang Archaeological Site,1992,Cultural,Asia and the Pacific
258,232,"Humayun's Tomb, Delhi",1993,Cultural,Asia and the Pacific
259,233,"Qutb Minar and its Monuments, Delhi",1993,Cultural,Asia and the Pacific
781,660,Buddhist Monuments in the Horyu-ji Area,1993,Cultural,Asia and the Pacific
782,661,Himeji-jo,1993,Cultural,Asia and the Pacific
783,662,Yakushima,1993,Natural,Asia and the Pacific
784,663,Shirakami-Sanchi,1993,Natural,Asia and the Pacific
1955,677,Baroque Churches of the Philippines,1993,Cultural,Asia and the Pacific
713,602,Historic Centre of Bukhara,1993,Cultural,Asia and the Pacific
802,678,Complex of Hu_ Monuments,1993,Cultural,Asia and the Pacific
1554,653,Tubbataha Reefs Natural Park,1993,Natural,Asia and the Pacific
826,698,Australian Fossil Mammal Sites (Riversleigh / Naracoorte),1994,Natural,Asia and the Pacific
831,703,"Mountain Resort and its Outlying Temples, Chengde",1994,Cultural,Asia and the Pacific
832,704,Temple and Cemetery of Confucius and the Kong Family Mansion in Qufu,1994,Cultural,Asia and the Pacific
833,705,Ancient Building Complex in the Wudang Mountains,1994,Cultural,Asia and the Pacific
837,707,"Historic Ensemble of the Potala Palace, Lhasa",1994,Cultural,Asia and the Pacific
814,688,"Historic Monuments of Ancient Kyoto (Kyoto, Uji and Otsu Cities)",1994,Cultural,Asia and the Pacific
796,672,Ha Long Bay,1994,Natural,Asia and the Pacific
868,734,Historic Villages of Shirakawa-go and Gokayama,1995,Cultural,Asia and the Pacific
1954,479,Town of Luang Prabang,1995,Cultural,Asia and the Pacific
869,736,Seokguram Grotto and Bulguksa Temple,1995,Cultural,Asia and the Pacific
870,737,"Haeinsa Temple Janggyeong Panjeon, the Depositories for the <I>Tripitaka Koreana</I> Woodblocks",1995,Cultural,Asia and the Pacific
871,738,Jongmyo Shrine,1995,Cultural,Asia and the Pacific
853,722,Rice Terraces of the Philippine Cordilleras,1995,Cultural,Asia and the Pacific
921,778,Lushan National Park,1996,Cultural,Asia and the Pacific
922,779,"Mount Emei Scenic Area, including Leshan Giant Buddha Scenic Area",1996,Mixed,Asia and the Pacific
701,593,Sangiran Early Man Site,1996,Cultural,Asia and the Pacific
917,775,Hiroshima Peace Memorial (Genbaku Dome),1996,Cultural,Asia and the Pacific
918,776,Itsukushima Shinto Shrine,1996,Cultural,Asia and the Pacific
1934,811,Old Town of Lijiang,1997,Cultural,Asia and the Pacific
959,812,Ancient City of Ping Yao,1997,Cultural,Asia and the Pacific
961,813,Classical Gardens of Suzhou,1997,Cultural,Asia and the Pacific
788,666,"Lumbini, the Birthplace of the Lord Buddha",1997,Cultural,Asia and the Pacific
693,586,Rohtas Fort,1997,Cultural,Asia and the Pacific
964,816,Changdeokgung Palace Complex,1997,Cultural,Asia and the Pacific
965,817,Hwaseong Fortress,1997,Cultural,Asia and the Pacific
683,577,Heard and McDonald Islands,1997,Natural,Asia and the Pacific
747,629,Macquarie Island,1997,Natural,Asia and the Pacific
943,798,The Sundarbans,1997,Natural,Asia and the Pacific
1032,880,"Summer Palace, an Imperial Garden in Beijing",1998,Cultural,Asia and the Pacific
1033,881,Temple of Heaven: an Imperial Sacrificial Altar in Beijing,1998,Cultural,Asia and the Pacific
1021,870,Historic Monuments of Ancient Nara,1998,Cultural,Asia and the Pacific
1029,877,New Zealand Sub-Antarctic Islands,1998,Natural,Asia and the Pacific
1005,854,East Rennell,1998,Natural,Asia and the Pacific
1064,911,Mount Wuyi,1999,Mixed,Asia and the Pacific
1065,912,Dazu Rock Carvings,1999,Cultural,Asia and the Pacific
1540,944,Mountain Railways of India,1999,Cultural,Asia and the Pacific
1066,913,Shrines and Temples of Nikko,1999,Cultural,Asia and the Pacific
586,502,Historic City of Vigan,1999,Cultural,Asia and the Pacific
773,652,Puerto-Princesa Subterranean River National Park,1999,Natural,Asia and the Pacific
1038,886,State Historical and Cultural Park ÒAncient MervÓ,1999,Cultural,Asia and the Pacific
1109,948,Hoi An Ancient Town,1999,Cultural,Asia and the Pacific
1110,949,My Son Sanctuary,1999,Cultural,Asia and the Pacific
1118,955,Lorentz National Park,1999,Natural,Asia and the Pacific
1071,917,Greater Blue Mountains Area,2000,Natural,Asia and the Pacific
1167,1001,Mount Qingcheng and the Dujiangyan Irrigation System,2000,Cultural,Asia and the Pacific
1168,1002,Ancient Villages in Southern Anhui _ Xidi and Hongcun,2000,Cultural,Asia and the Pacific
1169,1003,Longmen Grottoes,2000,Cultural,Asia and the Pacific
1172,1004,Imperial Tombs of the Ming and Qing Dynasties,2000,Cultural,Asia and the Pacific
1136,972,Gusuku Sites and Related Properties of the Kingdom of Ryukyu,2000,Cultural,Asia and the Pacific
1182,1012,Kinabalu Park,2000,Natural,Asia and the Pacific
1183,1013,Gunung Mulu National Park,2000,Natural,Asia and the Pacific
1140,976,Gyeongju Historic Areas,2000,Cultural,Asia and the Pacific
1141,977,"Gochang, Hwasun and Ganghwa Dolmen Sites",2000,Cultural,Asia and the Pacific
1037,885,Historic Centre of Shakhrisyabz,2000,Cultural,Asia and the Pacific
1213,1039,Yungang Grottoes,2001,Cultural,Asia and the Pacific
560,481,Vat Phou and Associated Ancient Settlements within the Champasak Cultural Landscape,2001,Cultural,Asia and the Pacific
715,603,Samarkand  _ Crossroad of Cultures,2001,Cultural,Asia and the Pacific
234,211,Minaret and Archaeological Remains of Jam,2002,Cultural,Asia and the Pacific
1231,1056,Mahabodhi Temple Complex at Bodh Gaya,2002,Cultural,Asia and the Pacific
230,208,Cultural Landscape and Archaeological Remains of the Bamiyan Valley,2003,Cultural,Asia and the Pacific
1272,1094,Purnululu National Park,2003,Natural,Asia and the Pacific
1731,1083,Three Parallel Rivers of Yunnan Protected Areas,2003,Natural,Asia and the Pacific
1079,925,Rock Shelters of Bhimbetka,2003,Cultural,Asia and the Pacific
1254,1077,Takht-e Soleyman,2003,Cultural,Asia and the Pacific
1281,1103,Mausoleum of Khoja Ahmed Yasawi,2003,Cultural,Asia and the Pacific
2059,951,Phong Nha-Ke Bang National Park,2003,Natural,Asia and the Pacific
909,769,Uvs Nuur Basin,2003,Natural,Asia and the Pacific
1730,1131,Royal Exhibition Building and Carlton Gardens,2004,Cultural,Asia and the Pacific
1315,1135,Capital Cities and Tombs of the Ancient Koguryo Kingdom,2004,Cultural,Asia and the Pacific
1269,1091,Complex of Koguryo Tombs,2004,Cultural,Asia and the Pacific
1105,945,Chhatrapati Shivaji Terminus (formerly Victoria Terminus),2004,Cultural,Asia and the Pacific
1279,1101,Champaner-Pavagadh Archaeological Park,2004,Cultural,Asia and the Pacific
1284,1106,Pasargadae,2004,Cultural,Asia and the Pacific
1564,1208,Bam and its Cultural Landscape,2004,Cultural,Asia and the Pacific
1323,1142,Sacred Sites and Pilgrimage Routes in the Kii Mountain Range,2004,Cultural,Asia and the Pacific
1326,1145,Petroglyphs within the Archaeological Landscape of Tamgaly,2004,Cultural,Asia and the Pacific
1259,1081,Orkhon Valley Cultural Landscape,2004,Cultural,Asia and the Pacific
1344,1167,Tropical Rainforest Heritage of Sumatra,2004,Natural,Asia and the Pacific
1289,1110,Historic Centre of Macao,2005,Cultural,Asia and the Pacific
1365,1188,Soltaniyeh,2005,Cultural,Asia and the Pacific
1370,1193,Shiretoko,2005,Natural,Asia and the Pacific
698,590,Dong Phayayen-Khao Yai Forest Complex,2005,Natural,Asia and the Pacific
1376,1199,Kunya-Urgench,2005,Cultural,Asia and the Pacific
1293,1114,Yin Xu,2006,Cultural,Asia and the Pacific
1390,1213,"Sichuan Giant Panda Sanctuaries - Wolong, Mt Siguniang and Jiajin Mountains ",2006,Natural,Asia and the Pacific
1399,1222,Bisotun,2006,Cultural,Asia and the Pacific
1457,166,Sydney Opera House,2007,Cultural,Asia and the Pacific
1459,1112,Kaiping Diaolou and Villages,2007,Cultural,Asia and the Pacific
1965,1248,South China Karst,2007,Natural,Asia and the Pacific
1460,231,Red Fort Complex,2007,Cultural,Asia and the Pacific
1737,1246,Iwami Ginzan Silver Mine and its Cultural Landscape,2007,Cultural,Asia and the Pacific
1441,1264,Jeju Volcanic Island and Lava Tubes,2007,Natural,Asia and the Pacific
1471,1242,Parthian Fortresses of Nisa,2007,Cultural,Asia and the Pacific
1591,1224,Temple of Preah Vihear,2008,Cultural,Asia and the Pacific
1505,1113,Fujian <em>Tulou</em>,2008,Cultural,Asia and the Pacific
1523,1292,Mount Sanqingshan National Park,2008,Natural,Asia and the Pacific
1542,1262,Armenian Monastic Ensembles of Iran,2008,Cultural,Asia and the Pacific
1543,1102,Saryarka _ Steppe and Lakes of Northern Kazakhstan,2008,Natural,Asia and the Pacific
1871,1223,"Melaka and George Town, Historic Cities of the Straits of Malacca",2008,Cultural,Asia and the Pacific
1546,887,Kuk Early Agricultural Site,2008,Cultural,Asia and the Pacific
1511,1280,Chief Roi MataÕs Domain,2008,Cultural,Asia and the Pacific
1587,1279,Mount Wutai,2009,Cultural,Asia and the Pacific
1599,1315,Shushtar Historical Hydraulic System,2009,Cultural,Asia and the Pacific
1699,1230,Sulaiman-Too Sacred Mountain,2009,Cultural,Asia and the Pacific
1957,1319,Royal Tombs of the Joseon Dynasty,2009,Cultural,Asia and the Pacific
1648,1306,Australian Convict Sites,2010,Cultural,Asia and the Pacific
1726,1305,Historic Monuments of Dengfeng in ÒThe Centre of Heaven and EarthÓ,2010,Cultural,Asia and the Pacific
1676,1335,China Danxia,2010,Natural,Asia and the Pacific
1677,1338,"The Jantar Mantar, Jaipur",2010,Cultural,Asia and the Pacific
1680,1345,Sheikh Safi al-din Kh_neg_h and Shrine Ensemble in Ardabil,2010,Cultural,Asia and the Pacific
1681,1346,Tabriz Historic Bazaar Complex,2010,Cultural,Asia and the Pacific
1683,1325,Phoenix Islands Protected Area,2010,Natural,Asia and the Pacific
1684,1339,Bikini Atoll Nuclear Test Site,2010,Cultural,Asia and the Pacific
1688,1324,Historic Villages of Korea: Hahoe and Yangdong,2010,Cultural,Asia and the Pacific
1650,1203,Central Highlands of Sri Lanka,2010,Natural,Asia and the Pacific
1651,1141,Proto-urban Site of Sarazm,2010,Cultural,Asia and the Pacific
1689,1328,Central Sector of the Imperial Citadel of Thang Long - Hanoi,2010,Cultural,Asia and the Pacific
1763,1369,Ningaloo Coast,2011,Natural,Asia and the Pacific
1765,1334,West Lake Cultural Landscape of Hangzhou,2011,Cultural,Asia and the Pacific
1768,1372,The Persian Garden,2011,Cultural,Asia and the Pacific
1771,1277,"Hiraizumi _ Temples, Gardens and Archaeological Sites Representing the Buddhist Pure Land",2011,Cultural,Asia and the Pacific
1770,1362,Ogasawara Islands,2011,Natural,Asia and the Pacific
1773,1382,Petroglyphic Complexes of the Mongolian Altai,2011,Cultural,Asia and the Pacific
1775,1358,Citadel of the Ho Dynasty,2011,Cultural,Asia and the Pacific
1803,1388,Chengjiang Fossil Site,2012,Natural,Asia and the Pacific
1804,1389,Site of Xanadu,2012,Cultural,Asia and the Pacific
1921,1342,Western Ghats,2012,Natural,Asia and the Pacific
1836,1194,Cultural Landscape of Bali Province: the <em>Subak</em> System as a Manifestation of the <em>Tri Hita Karana</em> Philosophy,2012,Cultural,Asia and the Pacific
1821,1397,Masjed-e J_m_ of Isfahan  ,2012,Cultural,Asia and the Pacific
1822,1398,Gonbad-e Q_bus,2012,Cultural,Asia and the Pacific
1820,1396,Archaeological Heritage of the Lenggong Valley,2012,Cultural,Asia and the Pacific
1801,1386,Rock Islands Southern Lagoon,2012,Mixed,Asia and the Pacific
1877,1111,Cultural Landscape of Honghe Hani Rice Terraces ,2013,Cultural,Asia and the Pacific
1876,1414,Xinjiang Tianshan,2013,Natural,Asia and the Pacific
1878,1278,Historic Monuments and Sites in Kaesong,2013,Cultural,Asia and the Pacific
1886,1399,Levuka Historical Port Town,2013,Cultural,Asia and the Pacific
1947,247,Hill Forts of Rajasthan,2013,Cultural,Asia and the Pacific
1888,1422,Golestan Palace,2013,Cultural,Asia and the Pacific
1883,1418,"Fujisan, sacred place and source of artistic inspiration",2013,Cultural,Asia and the Pacific
1907,1252,Tajik National Park (Mountains of the Pamirs),2013,Natural,Asia and the Pacific
1986,1443,The Grand Canal,2014,Cultural,Asia and the Pacific
2008,922,"Rani-ki-Vav (the QueenÕs Stepwell) at Patan, Gujarat",2014,Cultural,Asia and the Pacific
2011,1406,Great Himalayan National Park Conservation Area,2014,Natural,Asia and the Pacific
2000,1456,Shahr-i Sokhta,2014,Cultural,Asia and the Pacific
1992,1449,Tomioka Silk Mill and Related Sites,2014,Cultural,Asia and the Pacific
1987,1444,Pyu Ancient Cities,2014,Cultural,Asia and the Pacific
2010,1403,Mount Hamiguitan Range Wildlife Sanctuary,2014,Natural,Asia and the Pacific
1982,1439,Namhansanseong,2014,Cultural,Asia and the Pacific
1981,1438,Trang An Landscape Complex,2014,Mixed,Asia and the Pacific
1985,1442,Silk Roads: the Routes Network of Chang'an-Tianshan Corridor,2014,Cultural,Asia and the Pacific
2035,1474,Tusi Sites,2015,Cultural,Asia and the Pacific
2073,1423,Cultural Landscape of Maymand,2015,Cultural,Asia and the Pacific
1999,1455,Susa,2015,Cultural,Asia and the Pacific
2045,1484,"Sites of JapanÕs Meiji Industrial Revolution: Iron and Steel, Shipbuilding and Coal Mining",2015,Cultural,Asia and the Pacific
2018,1440,Great Burkhan Khaldun Mountain and its surrounding sacred landscape,2015,Cultural,Asia and the Pacific
2038,1477,Baekje Historic Areas,2015,Cultural,Asia and the Pacific
2044,1483,Singapore Botanic Gardens,2015,Cultural,Asia and the Pacific
2100,1508,Zuojiang Huashan Rock Art Cultural Landscape,2016,Cultural,Asia and the Pacific
2101,1509,Hubei Shennongjia,2016,Natural,Asia and the Pacific
2089,1502,"Archaeological Site of Nalanda <i>Mahavihara</i> (Nalanda University) at Nalanda, Bihar",2016,Cultural,Asia and the Pacific
2105,1513,Khangchendzonga National Park,2016,Mixed,Asia and the Pacific
2095,1505,Lut Desert,2016,Natural,Asia and the Pacific
2096,1506,The Persian Qanat,2016,Cultural,Asia and the Pacific
2093,1503,Nan Madol: Ceremonial Centre of Eastern Micronesia,2016,Cultural,Asia and the Pacific
2079,1490,Western Tien-Shan,2016,Natural,Asia and the Pacific
7,4,LÕAnse aux Meadows National Historic Site,1978,Cultural,Europe and North America
27,24,Nahanni National Park,1978,Natural,Europe and North America
1953,3,Aachen Cathedral ,1978,Cultural,Europe and North America
1739,29,Historic Centre of Krak—w,1978,Cultural,Europe and North America
1854,32,Wieliczka and Bochnia Royal Salt Mines,1978,Cultural,Europe and North America
30,27,Mesa Verde National Park,1978,Cultural,Europe and North America
31,28,Yellowstone National Park,1978,Natural,Europe and North America
46,42,Boyana Church,1979,Cultural,Europe and North America
47,43,Madara Rider,1979,Cultural,Europe and North America
48,44,Thracian Tomb of Kazanlak,1979,Cultural,Europe and North America
49,45,Rock-Hewn Churches of Ivanovo,1979,Cultural,Europe and North America
75,71,Dinosaur Provincial Park,1979,Natural,Europe and North America
103,95,Old City of Dubrovnik,1979,Cultural,Europe and North America
105,97,Historical Complex of Split with the Palace of Diocletian,1979,Cultural,Europe and North America
106,98,Plitvice Lakes National Park,1979,Natural,Europe and North America
1569,80,Mont-Saint-Michel and its Bay,1979,Cultural,Europe and North America
1719,81,Chartres Cathedral,1979,Cultural,Europe and North America
1571,83,Palace and Park of Versailles,1979,Cultural,Europe and North America
1572,84,"V_zelay, Church and Hill",1979,Cultural,Europe and North America
91,85,Prehistoric Sites and Decorated Caves of the V_zère Valley,1979,Cultural,Europe and North America
101,94,Rock Drawings in Valcamonica,1979,Cultural,Europe and North America
2122,125,Natural and Culturo-Historical Region of Kotor,1979,Cultural,Europe and North America
62,58,Urnes Stave Church,1979,Cultural,Europe and North America
34,31,Auschwitz Birkenau <br /><small>German Nazi Concentration and Extermination Camp (1940-1945)</small>,1979,Cultural,Europe and North America
104,96,Stari Ras and Sopo_ani,1979,Cultural,Europe and North America
1714,99,Natural and Cultural Heritage of the Ohrid region,1979,Mixed,Europe and North America
81,75,Grand Canyon National Park,1979,Natural,Europe and North America
82,76,Everglades National Park,1979,Natural,Europe and North America
84,78,Independence Hall,1979,Cultural,Europe and North America
2005,33,Bia_owie_a Forest,1979,Natural,Europe and North America
78,72,Kluane / Wrangell-St. Elias / Glacier Bay / Tatshenshini-Alsek,1979,Natural,Europe and North America
63,59,Bryggen,1979,Cultural,Europe and North America
85,79,Paphos,1980,Cultural,Europe and North America
100,93,Church and Dominican Convent of Santa Maria delle Grazie with ÒThe Last SupperÓ by Leonardo da Vinci,1980,Cultural,Europe and North America
142,130,_al Saflieni Hypogeum,1980,Cultural,Europe and North America
143,131,City of Valletta,1980,Cultural,Europe and North America
109,100,Durmitor National Park,1980,Natural,Europe and North America
1667,55,R¿ros Mining Town and the Circumference,1980,Cultural,Europe and North America
2068,30,Historic Centre of Warsaw,1980,Cultural,Europe and North America
147,134,Redwood National and State Parks,1980,Natural,Europe and North America
2114,91,"Historic Centre of Rome, the Properties of the Holy See in that City Enjoying Extraterritorial Rights and San Paolo Fuori le Mura",1980,Cultural,Europe and North America
2121,132,Megalithic Temples of Malta,1980,Cultural,Europe and North America
175,157,S<U>G</U>ang Gwaay,1981,Cultural,Europe and North America
176,158,Head-Smashed-In Buffalo Jump,1981,Cultural,Europe and North America
178,160,Palace and Park of Fontainebleau,1981,Cultural,Europe and North America
1951,162,Amiens Cathedral,1981,Cultural,Europe and North America
1568,163,"Roman Theatre and its Surroundings and the ""Triumphal Arch"" of Orange",1981,Cultural,Europe and North America
182,164,"Arles, Roman and Romanesque Monuments",1981,Cultural,Europe and North America
1565,165,Cistercian Abbey of Fontenay,1981,Cultural,Europe and North America
186,168,Speyer Cathedral,1981,Cultural,Europe and North America
1735,169,WŸrzburg Residence with the Court Gardens and Residence Square,1981,Cultural,Europe and North America
168,150,Mammoth Cave National Park,1981,Natural,Europe and North America
169,151,Olympic National Park,1981,Natural,Europe and North America
1637,203,"From the Great Saltworks of Salins-les-Bains to the Royal Saltworks of Arc-et-Senans, the Production of Open-pan Salt ",1982,Cultural,Europe and North America
2127,174,Historic Centre of Florence,1982,Cultural,Europe and North America
219,198,Cahokia Mounds State Historic Site,1982,Cultural,Europe and North America
239,216,Rila Monastery,1983,Cultural,Europe and North America
240,217,Ancient City of Nessebar,1983,Cultural,Europe and North America
1621,219,Srebarna Nature Reserve,1983,Natural,Europe and North America
1641,225,Pirin National Park,1983,Natural,Europe and North America
286,256,Wood Buffalo National Park,1983,Natural,Europe and North America
255,229,"Place Stanislas, Place de la Carrière and Place d'Alliance in Nancy",1983,Cultural,Europe and North America
2118,230,Abbey Church of Saint-Savin sur Gartempe,1983,Cultural,Europe and North America
288,258,"Gulf of Porto: Calanche of Piana, Gulf of Girolata, Scandola Reserve",1983,Natural,Europe and North America
1864,271,Pilgrimage Church of Wies,1983,Cultural,Europe and North America
227,206,Central Zone of the Town of Angra do Heroismo in the Azores,1983,Cultural,Europe and North America
1630,263,Monastery of the Hieronymites and Tower of Bel_m in Lisbon,1983,Cultural,Europe and North America
294,264,Monastery of Batalha,1983,Cultural,Europe and North America
295,265,Convent of Christ in Tomar,1983,Cultural,Europe and North America
297,267,Old City of Berne,1983,Cultural,Europe and North America
298,268,Abbey of St Gall,1983,Cultural,Europe and North America
299,269,Benedictine Convent of St John at MŸstair,1983,Cultural,Europe and North America
289,259,Great Smoky Mountains National Park,1983,Natural,Europe and North America
296,266,La Fortaleza and San Juan National Historic Site in Puerto Rico,1983,Cultural,Europe and North America
322,288,Castles of Augustusburg and Falkenlust at BrŸhl,1984,Cultural,Europe and North America
320,286,Vatican City,1984,Cultural,Europe and North America
355,313,Historic Centre of Cordoba,1984,Cultural,Europe and North America
357,314,"Alhambra, Generalife and Albayz’n, Granada",1984,Cultural,Europe and North America
2070,316,Burgos Cathedral,1984,Cultural,Europe and North America
361,318,"Monastery and Site of the Escurial, Madrid",1984,Cultural,Europe and North America
364,320,Works of Antoni Gaud’ ,1984,Cultural,Europe and North America
346,307,Statue of Liberty,1984,Cultural,Europe and North America
347,308,Yosemite National Park,1984,Natural,Europe and North America
342,304,Canadian Rocky Mountain Parks,1984,Natural,Europe and North America
412,359,Thracian Tomb of Sveshtari,1985,Cultural,Europe and North America
336,300,Historic District of Old Qu_bec,1985,Cultural,Europe and North America
1566,344,Pont du Gard (Roman Aqueduct),1985,Cultural,Europe and North America
1627,187,St Mary's Cathedral and St Michael's Church at Hildesheim,1985,Cultural,Europe and North America
403,352,Rock Art of Alta,1985,Cultural,Europe and North America
1506,310,Cave of Altamira and Paleolithic Cave Art of Northern Spain,1985,Cultural,Europe and North America
2124,311,Old Town of Segovia and its Aqueduct,1985,Cultural,Europe and North America
353,312,Monuments of Oviedo and the Kingdom of the Asturias,1985,Cultural,Europe and North America
395,347,Santiago de Compostela (Old Town),1985,Cultural,Europe and North America
1562,348,Old Town of çvila with its Extra-Muros Churches,1985,Cultural,Europe and North America
409,356,Historic Areas of Istanbul,1985,Cultural,Europe and North America
410,357,G_reme National Park and the Rock Sites of Cappadocia,1985,Mixed,Europe and North America
411,358,Great Mosque and Hospital of Divri_i,1985,Cultural,Europe and North America
401,351,Painted Churches in the Troodos Region,1985,Cultural,Europe and North America
420,367,"Roman Monuments, Cathedral of St Peter and Church of Our Lady in Trier",1986,Cultural,Europe and North America
452,392,Temple of Apollo Epicurius at Bassae,1986,Cultural,Europe and North America
414,361,Historic Centre of ƒvora,1986,Cultural,Europe and North America
449,389,Studenica Monastery,1986,Cultural,Europe and North America
450,390,_kocjan Caves,1986,Natural,Europe and North America
434,378,Mudejar Architecture of Aragon,1986,Cultural,Europe and North America
435,379,Historic City of Toledo,1986,Cultural,Europe and North America
436,380,Garajonay National Park,1986,Natural,Europe and North America
443,384,Old Town of C‡ceres,1986,Cultural,Europe and North America
432,377,Hattusha: the Hittite Capital,1986,Cultural,Europe and North America
423,369,Giant's Causeway and Causeway Coast,1986,Natural,Europe and North America
1634,370,Durham Castle and Cathedral,1986,Cultural,Europe and North America
425,371,Ironbridge Gorge,1986,Cultural,Europe and North America
1930,372,Studley Royal Park including the Ruins of Fountains Abbey,1986,Cultural,Europe and North America
1633,373,"Stonehenge, Avebury and Associated Sites",1986,Cultural,Europe and North America
429,374,Castles and Town Walls of King Edward in Gwynedd,1986,Cultural,Europe and North America
447,387,St Kilda,1986,Mixed,Europe and North America
483,419,Gros Morne National Park,1987,Natural,Europe and North America
1706,272,Hanseatic City of LŸbeck,1987,Cultural,Europe and North America
453,393,Archaeological Site of Delphi,1987,Cultural,Europe and North America
467,404,"Acropolis, Athens",1987,Cultural,Europe and North America
462,400,"Budapest, including the Banks of the Danube, the Buda Castle Quarter and Andr‡ssy Avenue",1987,Cultural,Europe and North America
464,401,Old Village of Holl—k_ and its Surroundings,1987,Cultural,Europe and North America
454,394,Venice and its Lagoon,1987,Cultural,Europe and North America
1558,395,"Piazza del Duomo, Pisa",1987,Cultural,Europe and North America
1747,383,"Cathedral, Alc‡zar and Archivo de Indias in Seville",1987,Cultural,Europe and North America
520,448,Nemrut Da_,1987,Cultural,Europe and North America
492,425,Blenheim Palace,1987,Cultural,Europe and North America
1635,426,Palace of Westminster and Westminster Abbey including Saint MargaretÕs Church,1987,Cultural,Europe and North America
405,353,Chaco Culture,1987,Cultural,Europe and North America
472,409,Hawaii Volcanoes National Park,1987,Natural,Europe and North America
2126,442,Monticello and the University of Virginia in Charlottesville,1987,Cultural,Europe and North America
1539,430,Frontiers of the Roman Empire,1987,Cultural,Europe and North America
495,428,City of Bath,1987,Cultural,Europe and North America
577,495,Strasbourg _ Grande ”le,1988,Cultural,Europe and North America
526,454,Mount Athos,1988,Mixed,Europe and North America
527,455,Meteora,1988,Mixed,Europe and North America
528,456,Paleochristian and Byzantine Monuments of Thessalonika,1988,Cultural,Europe and North America
571,491,Sanctuary of Asklepios at Epidaurus,1988,Cultural,Europe and North America
574,493,Medieval City of Rhodes,1988,Cultural,Europe and North America
439,381,Old City of Salamanca,1988,Cultural,Europe and North America
563,484,Xanthos-Letoon,1988,Cultural,Europe and North America
564,485,Hierapolis-Pamukkale,1988,Mixed,Europe and North America
566,487,Henderson Island,1988,Natural,Europe and North America
567,488,Tower of London,1988,Cultural,Europe and North America
578,496,"Canterbury Cathedral, St Augustine's Abbey, and St Martin's Church",1988,Cultural,Europe and North America
595,511,Archaeological Site of Mystras,1989,Cultural,Europe and North America
603,517,Archaeological Site of Olympia,1989,Cultural,Europe and North America
589,505,Monastery of Alcobaça,1989,Cultural,Europe and North America
624,532,Palaces and Parks of Potsdam and Berlin,1990,Cultural,Europe and North America
620,530,Delos,1990,Cultural,Europe and North America
632,537,"Monasteries of Daphni, Hosios Loukas and Nea Moni of Chios",1990,Cultural,Europe and North America
647,550,Historic Centre of San Gimignano,1990,Cultural,Europe and North America
1958,540,Historic Centre of Saint Petersburg and Related Groups of Monuments,1990,Cultural,Europe and North America
639,544,Kizhi Pogost,1990,Cultural,Europe and North America
640,545,"Kremlin and Red Square, Moscow",1990,Cultural,Europe and North America
617,527,"Kiev: Saint-Sophia Cathedral and Related Monastic Buildings, Kiev-Pechersk Lavra",1990,Cultural,Europe and North America
1718,582,Old Rauma,1991,Cultural,Europe and North America
710,600,"Paris, Banks of the Seine",1991,Cultural,Europe and North America
711,601,"Cathedral of Notre-Dame, Former Abbey of Saint-R_mi and Palace of Tau, Reims",1991,Cultural,Europe and North America
1865,515,Abbey and AltenmŸnster of Lorsch,1991,Cultural,Europe and North America
695,588,Danube Delta,1991,Natural,Europe and North America
605,518,Poblet Monastery,1991,Cultural,Europe and North America
660,559,Royal Domain of Drottningholm,1991,Cultural,Europe and North America
690,583,Fortress of Suomenlinna,1991,Cultural,Europe and North America
1563,570,Butrint,1992,Cultural,Europe and North America
1928,616,Historic Centre of Prague,1992,Cultural,Europe and North America
732,617,Historic Centre of _esk_ Krumlov,1992,Cultural,Europe and North America
738,621,Historic Centre of Tel_,1992,Cultural,Europe and North America
1952,635,Bourges Cathedral,1992,Cultural,Europe and North America
1576,623,"Mines of Rammelsberg, Historic Town of Goslar and Upper Harz Water Management  System",1992,Cultural,Europe and North America
703,595,Pythagoreion and Heraion of Samos,1992,Cultural,Europe and North America
666,564,Old City of Zamo__,1992,Cultural,Europe and North America
716,604,Historic Monuments of Novgorod and Surroundings,1992,Cultural,Europe and North America
750,632,Cultural and Historic Ensemble of the Solovetsky Islands,1992,Cultural,Europe and North America
752,633,White Monuments of Vladimir and Suzdal,1992,Cultural,Europe and North America
573,492,Taos Pueblo,1992,Cultural,Europe and North America
642,546,Maulbronn Monastery Complex,1993,Cultural,Europe and North America
742,624,Town of Bamberg,1993,Cultural,Europe and North America
780,659,Brœ na B—inne - Archaeological Ensemble of the Bend of the Boyne,1993,Cultural,Europe and North America
793,670,The Sassi and the Park of the Rupestrian Churches of Matera,1993,Cultural,Europe and North America
705,596,Villages with Fortified Churches in Transylvania,1993,Cultural,Europe and North America
706,597,Monastery of Horezu,1993,Cultural,Europe and North America
1728,598,Churches of Moldavia,1993,Cultural,Europe and North America
778,657,Architectural Ensemble of the Trinity Sergius Lavra in Sergiev Posad,1993,Cultural,Europe and North America
734,618,Historic Town of Bansk‡ _tiavnica and the Technical Monuments in its Vicinity,1993,Cultural,Europe and North America
1537,620,"Levo_a, Spi_sk_ Hrad and the Associated Cultural Monuments",1993,Cultural,Europe and North America
740,622,Vlkol’nec,1993,Cultural,Europe and North America
785,664,Archaeological Ensemble of M_rida,1993,Cultural,Europe and North America
786,665,Royal Monastery of Santa Mar’a de Guadalupe,1993,Cultural,Europe and North America
2055,669,Routes of Santiago de Compostela: <i>Camino Franc_s</i> and Routes of Northern Spain ,1993,Cultural,Europe and North America
653,555,Birka and HovgŒrden,1993,Cultural,Europe and North America
655,556,Engelsberg Ironworks,1993,Cultural,Europe and North America
816,690,Pilgrimage Church of St John of Nepomuk at Zelen‡ Hora,1994,Cultural,Europe and North America
825,697,"Jelling Mounds, Runic Stones and Church",1994,Cultural,Europe and North America
838,708,Historical Monuments of Mtskheta,1994,Cultural,Europe and North America
840,710,Bagrati Cathedral and Gelati Monastery,1994,Cultural,Europe and North America
629,535,"Collegiate Church, Castle and Old Town of Quedlinburg",1994,Cultural,Europe and North America
813,687,V_lklingen Ironworks,1994,Cultural,Europe and North America
843,712,City of Vicenza and the Palladian Villas of the Veneto,1994,Cultural,Europe and North America
1929,541,Vilnius Historic Centre,1994,Cultural,Europe and North America
827,699,City of Luxembourg: its Old Quarters and Fortifications,1994,Cultural,Europe and North America
754,634,"Church of the Ascension, Kolomenskoye",1994,Cultural,Europe and North America
657,557,Rock Carvings in Tanum,1994,Cultural,Europe and North America
659,558,SkogskyrkogŒrden,1994,Cultural,Europe and North America
729,614,City of Safranbolu,1994,Cultural,Europe and North America
691,584,Pet_j_vesi Old Church,1994,Cultural,Europe and North America
810,685,Do–ana National Park,1994,Natural,Europe and North America
875,741,Old Town Lunenburg,1995,Cultural,Europe and North America
865,732,Kutn‡ Hora: Historical Town Centre with the Church of St Barbara and the Cathedral of Our Lady at Sedlec,1995,Cultural,Europe and North America
822,695,Roskilde Cathedral,1995,Cultural,Europe and North America
254,228,"Historic Centre of Avignon: Papal Palace, Episcopal Ensemble and Avignon Bridge",1995,Cultural,Europe and North America
1733,720,Messel Pit Fossil Site,1995,Natural,Europe and North America
848,717,Historic Centre of Siena,1995,Cultural,Europe and North America
1867,726,Historic Centre of Naples,1995,Cultural,Europe and North America
862,730,Crespi d'Adda,1995,Cultural,Europe and North America
867,733,"Ferrara, City of the Renaissance, and its Po Delta",1995,Cultural,Europe and North America
854,723,Cultural Landscape of Sintra,1995,Cultural,Europe and North America
850,719,Virgin Komi Forests,1995,Natural,Europe and North America
864,731,Hanseatic Town of Visby,1995,Cultural,Europe and North America
860,728,Old and New Towns of Edinburgh,1995,Cultural,Europe and North America
874,740,Gough and Inaccessible Islands,1995,Natural,Europe and North America
852,721,Carlsbad Caverns National Park,1995,Natural,Europe and North America
407,354,Waterton Glacier International Peace Park,1995,Natural,Europe and North America
1624,725,Caves of Aggtelek Karst and Slovak Karst,1995,Natural,Europe and North America
872,739,Schokland and Surroundings,1995,Cultural,Europe and North America
920,777,Monasteries of Haghpat and Sanahin,1996,Cultural,Europe and North America
927,784,Historic Centre of the City of Salzburg,1996,Cultural,Europe and North America
929,786,Palace and Gardens of Sch_nbrunn,1996,Cultural,Europe and North America
899,763,Lednice-Valtice Cultural Landscape,1996,Cultural,Europe and North America
910,770,Canal du Midi,1996,Cultural,Europe and North America
839,709,Upper Svaneti,1996,Cultural,Europe and North America
1628,292,Cologne Cathedral,1996,Cultural,Europe and North America
861,729,Bauhaus and its Sites in Weimar and Dessau,1996,Cultural,Europe and North America
926,783,Luther Memorials in Eisleben and Wittenberg,1996,Cultural,Europe and North America
923,780,Archaeological Site of Aigai (modern name Vergina),1996,Cultural,Europe and North America
893,758,Millenary Benedictine Abbey of Pannonhalma and its Natural Environment,1996,Cultural,Europe and North America
459,398,Castel del Monte,1996,Cultural,Europe and North America
930,787,The <I>Trulli</I> of Alberobello,1996,Cultural,Europe and North America
931,788,Early Christian Monuments of Ravenna,1996,Cultural,Europe and North America
932,789,Historic Centre of the City of Pienza,1996,Cultural,Europe and North America
890,755,"Historic Centre of Oporto, Luiz I Bridge and Monastery of Serra do Pilar ",1996,Cultural,Europe and North America
889,754,Lake Baikal,1996,Natural,Europe and North America
902,765,Volcanoes of Kamchatka,1996,Natural,Europe and North America
924,781,Historic Walled Town of Cuenca,1996,Cultural,Europe and North America
925,782,La Lonja de la Seda de Valencia,1996,Cultural,Europe and North America
898,762,"Church Town of Gammelstad, LuleŒ ",1996,Cultural,Europe and North America
916,774,Laponian Area,1996,Mixed,Europe and North America
885,751,Verla Groundwood and Board Mill,1996,Cultural,Europe and North America
892,757,Sceilg Mhich’l,1996,Cultural,Europe and North America
894,759,Defence Line of Amsterdam,1996,Cultural,Europe and North America
952,806,Hallstatt-Dachstein / Salzkammergut Cultural Landscape,1997,Cultural,Europe and North America
956,809,Episcopal Complex of the Euphrasian Basilica in the Historic Centre of Pore_,1997,Cultural,Europe and North America
957,810,Historic City of Trogir,1997,Cultural,Europe and North America
1626,822,Historic Centre (Old Town) of Tallinn,1997,Cultural,Europe and North America
393,345,Historic Fortified City of Carcassonne,1997,Cultural,Europe and North America
646,549,"18th-Century Royal Palace at Caserta with the Park, the Aqueduct of Vanvitelli, and the San Leucio Complex",1997,Cultural,Europe and North America
1736,823,Residences of the Royal House of Savoy,1997,Cultural,Europe and North America
973,824,"Botanical Garden (Orto Botanico), Padua",1997,Cultural,Europe and North America
975,826,"Portovenere, Cinque Terre, and the Islands (Palmaria, Tino and Tinetto)",1997,Cultural,Europe and North America
976,827,"Cathedral, Torre Civica and Piazza Grande, Modena",1997,Cultural,Europe and North America
978,829,"Archaeological Areas of Pompei, Herculaneum and Torre Annunziata",1997,Cultural,Europe and North America
979,830,Costiera Amalfitana,1997,Cultural,Europe and North America
980,831,Archaeological Area of Agrigento,1997,Cultural,Europe and North America
981,832,Villa Romana del Casale,1997,Cultural,Europe and North America
982,833,Su Nuraxi di Barumini,1997,Cultural,Europe and North America
1003,852,Historic Centre of Riga,1997,Cultural,Europe and North America
967,819,"Historic Area of Willemstad, Inner City and Harbour, Curaçao",1997,Cultural,Europe and North America
984,835,Medieval Town of Toru_,1997,Cultural,Europe and North America
998,847,Castle of the Teutonic Order in Malbork,1997,Cultural,Europe and North America
949,803,Las M_dulas,1997,Cultural,Europe and North America
1631,804,"Palau de la Mœsica Catalana and Hospital de Sant Pau, Barcelona",1997,Cultural,Europe and North America
951,805,San Mill‡n Yuso and Suso Monasteries,1997,Cultural,Europe and North America
939,795,Maritime Greenwich,1997,Cultural,Europe and North America
915,773,Pyr_n_es - Mont Perdu,1997,Mixed,Europe and North America
966,818,Mill Network at Kinderdijk-Elshout,1997,Cultural,Europe and North America
928,785,Semmering Railway,1998,Cultural,Europe and North America
1006,855,Flemish B_guinages,1998,Cultural,Europe and North America
1007,856,"The Four Lifts on the Canal du Centre and their Environs, La Louvière and Le Roeulx (Hainaut)",1998,Cultural,Europe and North America
1008,857,"La Grand-Place, Brussels",1998,Cultural,Europe and North America
1927,848,Choirokoitia,1998,Cultural,Europe and North America
1011,860,Gardens and Castle at Krom__’_,1998,Cultural,Europe and North America
1012,861,Hola_ovice Historic Village,1998,Cultural,Europe and North America
1019,868,Routes of Santiago de Compostela in France,1998,Cultural,Europe and North America
1023,872,Historic Site of Lyons,1998,Cultural,Europe and North America
997,846,Classical Weimar,1998,Cultural,Europe and North America
974,825,Archaeological Area and the Patriarchal Basilica of Aquileia,1998,Cultural,Europe and North America
977,828,Historic Centre of Urbino,1998,Cultural,Europe and North America
993,842,"Cilento and Vallo di Diano National Park with the Archeological Sites of Paestum and Velia, and the Certosa di Padula",1998,Cultural,Europe and North America
1026,874,Rock Art of the Mediterranean Basin on the Iberian Peninsula,1998,Cultural,Europe and North America
1028,876,University and Historic Precinct of Alcal‡ de Henares,1998,Cultural,Europe and North America
1022,871,Naval Port of Karlskrona,1998,Cultural,Europe and North America
1000,849,Archaeological Site of Troy,1998,Cultural,Europe and North America
1632,865,L'viv _ the Ensemble of the Historic Centre,1998,Cultural,Europe and North America
1018,867,Ir.D.F. Woudagemaal (D.F. Wouda Steam Pumping Station),1998,Cultural,Europe and North America
1642,866,Prehistoric Rock Art Sites in the C™a Valley and Siega Verde,1998,Cultural,Europe and North America
907,768,Golden Mountains of Altai,1998,Natural,Europe and North America
1724,931,City of Graz _ Historic Centre and Schloss Eggenberg,1999,Cultural,Europe and North America
812,686,Miguasha National Park,1999,Natural,Europe and North America
1054,901,Litomy_l Castle,1999,Cultural,Europe and North America
686,579,Bronze Age Burial Site of Sammallahdenm_ki,1999,Cultural,Europe and North America
1088,932,Jurisdiction of Saint-Emilion,1999,Cultural,Europe and North America
1047,896,"Museumsinsel (Museum Island), Berlin",1999,Cultural,Europe and North America
1048,897,Wartburg Castle,1999,Cultural,Europe and North America
1097,941,Archaeological Sites of Mycenae and Tiryns,1999,Cultural,Europe and North America
1098,942,The Historic Centre (Chor‡) with the Monastery of Saint-John the Theologian and the Cave of the Apocalypse on the Island of P‡tmos,1999,Cultural,Europe and North America
552,474,Hortob‡gy National Park - the <i>Puszta</i>,1999,Cultural,Europe and North America
1060,907,Villa Adriana (Tivoli),1999,Cultural,Europe and North America
1058,905,Kalwaria Zebrzydowska: the Mannerist Architectural and Park Landscape Complex and Pilgrimage Park,1999,Cultural,Europe and North America
1090,934,Laurisilva of Madeira,1999,Natural,Europe and North America
1055,902,Historic Centre of Sighi_oara,1999,Cultural,Europe and North America
1057,904,Wooden Churches of Maramure_,1999,Cultural,Europe and North America
1059,906,Dacian Fortresses of the Orastie Mountains,1999,Cultural,Europe and North America
1052,900,Western Caucasus,1999,Natural,Europe and North America
481,417,"Ibiza, Biodiversity and Culture",1999,Mixed,Europe and North America
1084,929,San Crist—bal de La Laguna,1999,Cultural,Europe and North America
2125,514,Heart of Neolithic Orkney,1999,Cultural,Europe and North America
1100,943,Belfries of Belgium and France,1999,Cultural,Europe and North America
1051,899,Droogmakerij de Beemster (Beemster Polder),1999,Cultural,Europe and North America
1124,960,Monastery of Geghard and the Upper Azat Valley,2000,Cultural,Europe and North America
1181,1011,Cathedral and Churches of Echmiatsin and the Archaeological Site of Zvartnots,2000,Cultural,Europe and North America
1134,970,Wachau Cultural Landscape,2000,Cultural,Europe and North America
1121,958,Walled City of Baku with the Shirvanshah's Palace and Maiden Tower,2000,Cultural,Europe and North America
743,625,Mir Castle Complex,2000,Cultural,Europe and North America
1160,996,Historic Centre of Brugge,2000,Cultural,Europe and North America
1173,1005,Major Town Houses of the Architect Victor Horta (Brussels),2000,Cultural,Europe and North America
1174,1006,Neolithic Flint Mines at Spiennes (Mons),2000,Cultural,Europe and North America
1179,1009,Notre-Dame Cathedral in Tournai,2000,Cultural,Europe and North America
1127,963,The Cathedral of St James in _ibenik,2000,Cultural,Europe and North America
1010,859,Holy Trinity Column in Olomouc,2000,Cultural,Europe and North America
824,696,Kronborg Castle,2000,Cultural,Europe and North America
1089,933,The Loire Valley between Sully-sur-Loire and Chalonnes,2000,Cultural,Europe and North America
627,534,Garden Kingdom of Dessau-W_rlitz,2000,Cultural,Europe and North America
1138,974,Monastic Island of Reichenau,2000,Cultural,Europe and North America
1004,853,Early Christian Necropolis of P_cs (Sopianae),2000,Cultural,Europe and North America
942,797,City of Verona,2000,Cultural,Europe and North America
1061,908,Isole Eolie (Aeolian Islands),2000,Natural,Europe and North America
1154,990,"Assisi, the Basilica of San Francesco and Other Franciscan Sites",2000,Cultural,Europe and North America
1129,965,Rietveld Schr_derhuis (Rietveld Schr_der House),2000,Cultural,Europe and North America
1144,980,Historic and Architectural Complex of the Kazan Kremlin,2000,Cultural,Europe and North America
1146,982,Ensemble of the Ferapontov Monastery,2000,Cultural,Europe and North America
1137,973,Bardejov Town Conservation Reserve,2000,Cultural,Europe and North America
1027,875,Archaeological Ensemble of T‡rraco,2000,Cultural,Europe and North America
1085,930,Palmeral of Elche,2000,Cultural,Europe and North America
1151,987,Roman Walls of Lugo,2000,Cultural,Europe and North America
1152,988,Catalan Romanesque Churches of the Vall de Bo’,2000,Cultural,Europe and North America
1153,989,Archaeological Site of Atapuerca,2000,Cultural,Europe and North America
1132,968,Agricultural Landscape of Southern …land,2000,Cultural,Europe and North America
1036,884,"Three Castles, Defensive Wall and Ramparts of the Market-Town of Bellinzona",2000,Cultural,Europe and North America
1147,983,"Historic Town of St George and Related Fortifications, Bermuda",2000,Cultural,Europe and North America
1148,984,Blaenavon Industrial Landscape,2000,Cultural,Europe and North America
1050,898,High Coast / Kvarken Archipelago,2000,Natural,Europe and North America
1158,994,Curonian Spit,2000,Cultural,Europe and North America
1206,1033,Historic Centre of Vienna,2001,Cultural,Europe and North America
1226,1052,Tugendhat Villa in Brno,2001,Cultural,Europe and North America
1025,873,"Provins, Town of Medieval Fairs",2001,Cultural,Europe and North America
1139,975,Zollverein Coal Mine Industrial Complex in Essen,2001,Cultural,Europe and North America
1214,1040,Masada,2001,Cultural,Europe and North America
1217,1042,Old City of Acre,2001,Cultural,Europe and North America
1197,1025,"Villa d'Este, Tivoli",2001,Cultural,Europe and North America
1228,1054,Churches of Peace in Jawor and _widnica,2001,Cultural,Europe and North America
1204,1031,Historic Centre of Guimar‹es,2001,Cultural,Europe and North America
1220,1046,Alto Douro Wine Region,2001,Cultural,Europe and North America
904,766,Central Sikhote-Alin,2001,Natural,Europe and North America
1218,1044,Aranjuez Cultural Landscape,2001,Cultural,Europe and North America
1200,1027,Mining Area of the Great Copper Mountain in Falun,2001,Cultural,Europe and North America
1211,1037,Swiss Alps Jungfrau-Aletsch,2001,Natural,Europe and North America
497,429,New Lanark,2001,Cultural,Europe and North America
1201,1028,Saltaire,2001,Cultural,Europe and North America
1203,1030,Derwent Valley Mills,2001,Cultural,Europe and North America
913,772,Fert_ / Neusiedlersee Cultural Landscape,2001,Cultural,Europe and North America
1202,1029,Dorset and East Devon Coast,2001,Natural,Europe and North America
1243,1066,Upper Middle Rhine Valley,2002,Cultural,Europe and North America
1244,1067,Historic Centres of Stralsund and Wismar,2002,Cultural,Europe and North America
1240,1063,Tokaj Wine Region Historic Cultural Landscape,2002,Cultural,Europe and North America
1196,1024,Late Baroque Towns of the Val di Noto (South-Eastern Sicily),2002,Cultural,Europe and North America
1255,1078,Jewish Quarter and St Procopius' Basilica in T_eb’_,2003,Cultural,Europe and North America
1274,1096,White City of Tel-Aviv -- the Modern Movement,2003,Cultural,Europe and North America
1245,1068,<I>Sacri Monti</I> of Piedmont and Lombardy,2003,Cultural,Europe and North America
1489,1053,Wooden Churches of Southern Ma_opolska,2003,Cultural,Europe and North America
1247,1070,"Citadel, Ancient City and Fortress Buildings of Derbent",2003,Cultural,Europe and North America
611,522,Renaissance Monumental Ensembles of òbeda and Baeza,2003,Cultural,Europe and North America
1262,1084,"Royal Botanic Gardens, Kew",2003,Cultural,Europe and North America
1643,1090,Monte San Giorgio,2003,Natural,Europe and North America
1487,1160,Madriu-Perafita-Claror Valley,2004,Cultural,Europe and North America
1330,1149,Ilulissat Icefjord,2004,Natural,Europe and North America
1265,1087,Town Hall and Roland on the Marketplace of Bremen,2004,Cultural,Europe and North America
1333,1152,_ingvellir National Park,2004,Cultural,Europe and North America
1199,1026,Val d'Orcia,2004,Cultural,Europe and North America
1338,1158,Etruscan Necropolises of Cerveteri and Tarquinia,2004,Cultural,Europe and North America
1317,1137,Kernav_  Archaeological Site (Cultural Reserve of Kernav_),2004,Cultural,Europe and North America
1297,1117,Landscape of the Pico Island Vineyard Culture,2004,Cultural,Europe and North America
1275,1097,Ensemble of the Novodevichy Convent,2004,Cultural,Europe and North America
856,724,Medieval Monuments in Kosovo,2004,Cultural,Europe and North America
1314,1134,"Grimeton Radio Station, Varberg",2004,Cultural,Europe and North America
1331,1150,Liverpool _ Maritime Mercantile City,2004,Cultural,Europe and North America
1307,1127,Muskauer Park / Park Mu_akowski,2004,Cultural,Europe and North America
1324,1143,Vega¿yan -- The Vega Archipelago,2004,Cultural,Europe and North America
1194,1023,Natural System of Wrangel Island Reserve,2004,Natural,Europe and North America
1590,569,Historic Centres of Berat and Gjirokastra ,2005,Cultural,Europe and North America
1373,1196,"Architectural, Residential and Cultural Complex of the Radziwill Family at Nesvizh",2005,Cultural,Europe and North America
1362,1185,Plantin-Moretus House-Workshops-Museum Complex,2005,Cultural,Europe and North America
1107,946,Old Bridge Area of the Old City of Mostar,2005,Cultural,Europe and North America
1358,1181,"Le Havre, the City Rebuilt by Auguste Perret",2005,Cultural,Europe and North America
1286,1107,Incense Route - Desert Cities in the Negev,2005,Cultural,Europe and North America
1287,1108,"Biblical Tels - Megiddo, Hazor, Beer Sheba",2005,Cultural,Europe and North America
1377,1200,Syracuse and the Rocky Necropolis of Pantalica,2005,Cultural,Europe and North America
1372,1195,West Norwegian Fjords _ Geirangerfjord and N_r¿yfjord,2005,Natural,Europe and North America
1347,1170,Historical Centre of the City of Yaroslavl,2005,Cultural,Europe and North America
1364,1187,Struve Geodetic Arc,2005,Cultural,Europe and North America
1335,1155,Old town of Regensburg with Stadtamhof,2006,Cultural,Europe and North America
1388,1211,Genoa: <i>Le Strade Nuove</i> and the system of the<i> Palazzi dei Rolli</i>,2006,Cultural,Europe and North America
1343,1165,Centennial Hall in Wroc_aw,2006,Cultural,Europe and North America
1394,1217,Vizcaya Bridge,2006,Cultural,Europe and North America
1392,1215,Cornwall and West Devon Mining Landscape,2006,Cultural,Europe and North America
1474,1076,Gobustan Rock Art Cultural Landscape,2007,Cultural,Europe and North America
1437,1260,Mehmed Pa_a Sokolovi_ Bridge in Vi_egrad,2007,Cultural,Europe and North America
1475,1221,Rideau Canal,2007,Cultural,Europe and North America
1433,1256,"Bordeaux, Port of the Moon",2007,Cultural,Europe and North America
1477,978,Old Town of Corfu,2007,Cultural,Europe and North America
1430,1253,"Gamzigrad-Romuliana, Palace of Galerius",2007,Cultural,Europe and North America
1435,1258,Teide National Park,2007,Natural,Europe and North America
1420,1243,"Lavaux, Vineyard Terraces",2007,Cultural,Europe and North America
1777,1133,Primeval Beech Forests of the Carpathians and the Ancient Beech Forests of  Germany,2007,Natural,Europe and North America
1516,1285,Joggins Fossil Cliffs,2008,Natural,Europe and North America
1484,1240,Stari Grad Plain,2008,Cultural,Europe and North America
1531,1115,Lagoons of New Caledonia: Reef Diversity and Associated Ecosystems,2008,Natural,Europe and North America
1514,1283,Fortifications of Vauban,2008,Cultural,Europe and North America
1416,1239,Berlin Modernism Housing Estates,2008,Cultural,Europe and North America
1532,1267,Surtsey,2008,Natural,Europe and North America
1581,1220,Bah‡Õi Holy Places in Haifa and the Western Galilee,2008,Cultural,Europe and North America
1518,1287,Mantua and Sabbioneta,2008,Cultural,Europe and North America
1535,1245,San Marino Historic Centre and Mount Titano,2008,Cultural,Europe and North America
1491,1273,Wooden Churches of the Slovak part of the Carpathian Mountain Area,2008,Cultural,Europe and North America
1497,1179,Swiss Tectonic Arena Sardona,2008,Natural,Europe and North America
1503,1276,Rhaetian Railway in the Albula / Bernina Landscapes,2008,Cultural,Europe and North America
1578,1298,Stoclet House,2009,Cultural,Europe and North America
1609,1237,The Dolomites,2009,Natural,Europe and North America
1616,1312,Tower of Hercules,2009,Cultural,Europe and North America
1582,1302,"La Chaux-de-Fonds / Le Locle, Watchmaking Town Planning",2009,Cultural,Europe and North America
1583,1303,Pontcysyllte Aqueduct and Canal,2009,Cultural,Europe and North America
1967,1314,Wadden Sea,2009,Natural,Europe and North America
1604,1317,"Pitons, cirques and remparts of Reunion Island",2010,Natural,Europe and North America
1663,1337,Episcopal City of Albi,2010,Cultural,Europe and North America
1666,1349,Seventeenth-Century Canal Ring Area of Amsterdam inside the Singelgracht,2010,Cultural,Europe and North America
1644,1234,Putorana Plateau,2010,Natural,Europe and North America
1672,1326,Papah_naumoku_kea,2010,Mixed,Europe and North America
1848,1153,"The Causses and the C_vennes, Mediterranean agro-pastoral Cultural Landscape",2011,Cultural,Europe and North America
1778,1368,Fagus Factory in Alfeld,2011,Cultural,Europe and North America
1780,1318,Longobards in Italy. Places of the Power (568-774 A.D.),2011,Cultural,Europe and North America
1781,1371,Cultural Landscape of the Serra de Tramuntana,2011,Cultural,Europe and North America
1784,1366,Selimiye Mosque and its Social Complex,2011,Cultural,Europe and North America
1785,1330,Residence of Bukovinian and Dalmatian Metropolitans,2011,Cultural,Europe and North America
1782,1363,Prehistoric Pile dwellings around the Alps,2011,Cultural,Europe and North America
1837,1344,Major Mining Sites of Wallonia,2012,Cultural,Europe and North America
1828,1404,Landscape of Grand Pr_,2012,Cultural,Europe and North America
1776,1360,Nord-Pas de Calais Mining Basin,2012,Cultural,Europe and North America
1799,1379,Margravial Opera House Bayreuth,2012,Cultural,Europe and North America
1818,1393,Sites of Human Evolution at Mount Carmel: The Nahal MeÕarot / Wadi el-Mughara Caves,2012,Cultural,Europe and North America
1956,1367,Garrison Border Town of Elvas and its Fortifications,2012,Cultural,Europe and North America
2116,1299,Lena Pillars Nature Park,2012,Natural,Europe and North America
1814,1282,Decorated Farmhouses of H_lsingland,2012,Cultural,Europe and North America
1829,1405,Neolithic Site of ‚atalh_yŸk,2012,Cultural,Europe and North America
1841,1313,Heritage of Mercury. Almad_n and Idrija,2012,Cultural,Europe and North America
1874,1412,Red Bay Basque Whaling Station,2013,Cultural,Europe and North America
1875,1413,Bergpark Wilhelmsh_he,2013,Cultural,Europe and North America
1891,175,Medici Villas and Gardens in Tuscany,2013,Cultural,Europe and North America
1910,1427,Mount Etna,2013,Natural,Europe and North America
1899,1387,University of Coimbra _ Alta and Sofia,2013,Cultural,Europe and North America
1895,1411,Ancient City of Tauric Chersonese and its Chora,2013,Cultural,Europe and North America
1894,1424,Wooden <em>Tserkvas</em> of the Carpathian Region in Poland and Ukraine,2013,Cultural,Europe and North America
1973,1416,Stevns Klint,2014,Natural,Europe and North America
1974,1426,"Decorated Cave of Pont dÕArc, known as Grotte Chauvet-Pont dÕArc, Ardèche",2014,Cultural,Europe and North America
1990,1447,Carolingian Westwork and Civitas Corvey,2014,Cultural,Europe and North America
1969,1370,Caves of Maresha and Bet-Guvrin in the Judean Lowlands as a Microcosm of the Land of the Caves,2014,Cultural,Europe and North America
1971,1390,Vineyard Landscape of Piedmont: Langhe-Roero and Monferrato,2014,Cultural,Europe and North America
1984,1441,Van Nellefabriek,2014,Cultural,Europe and North America
2009,981,Bolgar Historical and Archaeological Complex,2014,Cultural,Europe and North America
1995,1452,Bursa and Cumalõkõzõk: the Birth of the Ottoman Empire,2014,Cultural,Europe and North America
2001,1457,Pergamon and its Multi-Layered Cultural Landscape,2014,Cultural,Europe and North America
1978,1435,Monumental Earthworks of Poverty Point,2014,Cultural,Europe and North America
2029,1468,"Christiansfeld, a Moravian Church Settlement",2015,Cultural,Europe and North America
2030,1469,The par force hunting landscape in North Zealand,2015,Cultural,Europe and North America
2016,1425,"The Climats, terroirs of Burgundy",2015,Cultural,Europe and North America
2026,1465,"Champagne Hillsides, Houses and Cellars",2015,Cultural,Europe and North America
2028,1467,Speicherstadt and Kontorhaus District with Chilehaus,2015,Cultural,Europe and North America
2032,1471,Necropolis of Bet SheÕarim: A Landmark of Jewish Renewal,2015,Cultural,Europe and North America
2048,1487,Arab-Norman Palermo and the Cathedral Churches of Cefalœ and Monreale,2015,Cultural,Europe and North America
2047,1486,Rjukan-Notodden Industrial Heritage Site,2015,Cultural,Europe and North America
2014,1018,Ephesus,2015,Cultural,Europe and North America
2049,1488,Diyarbakõr Fortress and Hevsel Gardens Cultural Landscape,2015,Cultural,Europe and North America
2046,1485,The Forth Bridge,2015,Cultural,Europe and North America
2027,1466,San Antonio Missions,2015,Cultural,Europe and North America
2083,1497,Mistaken Point,2016,Natural,Europe and North America
2109,1517,Archaeological Site of Philippi,2016,Cultural,Europe and North America
2088,1501,Antequera Dolmens Site,2016,Cultural,Europe and North America
2110,1518,Archaeological Site of Ani,2016,Cultural,Europe and North America
2087,1500,Gorham's Cave Complex,2016,Cultural,Europe and North America
2094,1504,Ste_ci Medieval Tombstones Graveyards,2016,Cultural,Europe and North America
5,2,City of Quito,1978,Cultural,Latin America and the Caribbean
4,1,Gal‡pagos Islands,1978,Natural,Latin America and the Caribbean
68,64,Tikal National Park,1979,Mixed,Latin America and the Caribbean
69,65,Antigua Guatemala,1979,Cultural,Latin America and the Caribbean
136,124,Historic Town of Ouro Preto,1980,Cultural,Latin America and the Caribbean
141,129,Maya Site of Copan,1980,Cultural,Latin America and the Caribbean
148,135,Fortifications on the Caribbean Side of Panama: Portobelo-San Lorenzo,1980,Cultural,Latin America and the Caribbean
160,145,Los Glaciares National Park,1981,Natural,Latin America and the Caribbean
167,149,Archaeological Park and Ruins of Quirigua,1981,Cultural,Latin America and the Caribbean
177,159,Darien National Park,1981,Natural,Latin America and the Caribbean
210,189,Historic Centre of the Town of Olinda,1982,Cultural,Latin America and the Caribbean
199,180,"National History Park _ Citadel, Sans Souci, Ramiers",1982,Cultural,Latin America and the Caribbean
217,196,R’o Pl‡tano Biosphere Reserve,1982,Natural,Latin America and the Caribbean
225,204,Old Havana and its Fortification System,1982,Cultural,Latin America and the Caribbean
304,273,City of Cuzco,1983,Cultural,Latin America and the Caribbean
305,274,Historic Sanctuary of Machu Picchu,1983,Mixed,Latin America and the Caribbean
326,275,"Jesuit Missions of the Guaranis: San Ignacio Mini, Santa Ana, Nuestra Se–ora de Loreto and Santa Maria Mayor (Argentina), Ruins of Sao Miguel das Missoes (Brazil)",1983,Cultural,Latin America and the Caribbean
226,205,Talamanca Range-La Amistad Reserves / La Amistad National Park,1983,Natural,Latin America and the Caribbean
290,260,Sangay National Park,1983,Natural,Latin America and the Caribbean
340,303,Iguazu National Park,1984,Natural,Latin America and the Caribbean
319,285,"Port, Fortresses and Group of Monuments, Cartagena",1984,Cultural,Latin America and the Caribbean
348,309,Historic Centre of Salvador de Bahia,1985,Cultural,Latin America and the Caribbean
380,334,Sanctuary of Bom Jesus do Congonhas,1985,Cultural,Latin America and the Caribbean
375,330,Chavin (Archaeological Site),1985,Cultural,Latin America and the Caribbean
379,333,Huascar‡n National Park,1985,Natural,Latin America and the Caribbean
408,355,Iguaçu National Park,1986,Natural,Latin America and the Caribbean
419,366,Chan Chan Archaeological Zone,1986,Cultural,Latin America and the Caribbean
484,420,City of Potos’,1987,Cultural,Latin America and the Caribbean
516,445,Brasilia,1987,Cultural,Latin America and the Caribbean
473,410,Sian Ka'an,1987,Natural,Latin America and the Caribbean
474,411,Pre-Hispanic City and National Park of Palenque,1987,Cultural,Latin America and the Caribbean
475,412,Historic Centre of Mexico City and Xochimilco,1987,Cultural,Latin America and the Caribbean
477,414,Pre-Hispanic City of Teotihuacan,1987,Cultural,Latin America and the Caribbean
478,415,Historic Centre of Oaxaca and Archaeological Site of Monte Alb‡n,1987,Cultural,Latin America and the Caribbean
479,416,Historic Centre of Puebla,1987,Cultural,Latin America and the Caribbean
1705,402,Manœ National Park,1987,Natural,Latin America and the Caribbean
561,482,Historic Town of Guanajuato and Adjacent Mines,1988,Cultural,Latin America and the Caribbean
562,483,Pre-Hispanic City of Chichen-Itza,1988,Cultural,Latin America and the Caribbean
583,500,Historic Centre of Lima,1988,Cultural,Latin America and the Caribbean
535,460,Trinidad and the Valley de los Ingenios,1988,Cultural,Latin America and the Caribbean
619,529,Jesuit Missions of the Chiquitos,1990,Cultural,Latin America and the Caribbean
644,548,R’o Abiseo National Park,1990,Mixed,Latin America and the Caribbean
615,526,Colonial City of Santo Domingo,1990,Cultural,Latin America and the Caribbean
668,566,Historic City of Sucre,1991,Cultural,Latin America and the Caribbean
719,606,Serra da Capivara National Park,1991,Cultural,Latin America and the Caribbean
692,585,Historic Centre of Morelia,1991,Cultural,Latin America and the Caribbean
749,631,"El Tajin, Pre-Hispanic City",1992,Cultural,Latin America and the Caribbean
799,675,Joya de Cer_n Archaeological Site,1993,Cultural,Latin America and the Caribbean
652,554,Whale Sanctuary of El Vizcaino,1993,Natural,Latin America and the Caribbean
800,676,Historic Centre of Zacatecas,1993,Cultural,Latin America and the Caribbean
845,714,Rock Paintings of the Sierra de San Francisco,1993,Cultural,Latin America and the Caribbean
768,648,Jesuit Missions of La Sant’sima Trinidad de Paran‡ and Jesœs de Tavarangue,1993,Cultural,Latin America and the Caribbean
779,658,Coro and its Port,1993,Cultural,Latin America and the Caribbean
841,711,Los Kat’os National Park,1994,Natural,Latin America and the Caribbean
830,702,Earliest 16th-Century Monasteries on the Slopes of Popocatepetl,1994,Cultural,Latin America and the Caribbean
828,700,Lines and Geoglyphs of Nasca and Palpa,1994,Cultural,Latin America and the Caribbean
829,701,Canaima National Park,1994,Natural,Latin America and the Caribbean
846,715,Rapa Nui National Park,1995,Cultural,Latin America and the Caribbean
876,742,Historic Centre of Santa Cruz de Mompox,1995,Cultural,Latin America and the Caribbean
877,743,National Archeological Park of Tierradentro,1995,Cultural,Latin America and the Caribbean
878,744,San Agust’n Archaeological Park,1995,Cultural,Latin America and the Caribbean
881,747,Historic Quarter of the City of Colonia del Sacramento,1995,Cultural,Latin America and the Caribbean
900,764,Belize Barrier Reef Reserve System,1996,Natural,Latin America and the Caribbean
935,791,Pre-Hispanic Town of Uxmal,1996,Cultural,Latin America and the Caribbean
936,792,Historic Monuments Zone of Quer_taro,1996,Cultural,Latin America and the Caribbean
970,821,Historic Centre of S‹o Lu’s,1997,Cultural,Latin America and the Caribbean
969,820,Cocos Island National Park,1997,Natural,Latin America and the Caribbean
992,841,"San Pedro de la Roca Castle, Santiago de Cuba",1997,Cultural,Latin America and the Caribbean
962,814,Morne Trois Pitons National Park,1997,Natural,Latin America and the Caribbean
963,815,"Hospicio Caba–as, Guadalajara",1997,Cultural,Latin America and the Caribbean
934,790,Archaeological Site of Panam‡ Viejo and Historic District of Panam‡,1997,Cultural,Latin America and the Caribbean
1035,883,Fuerte de Samaipata,1998,Cultural,Latin America and the Caribbean
662,560,"Archaeological Zone of Paquim_, Casas Grandes",1998,Cultural,Latin America and the Caribbean
1013,862,Historic Monuments Zone of Tlacotalpan,1998,Cultural,Latin America and the Caribbean
1091,936,"Cueva de las Manos, R’o Pinturas",1999,Cultural,Latin America and the Caribbean
1042,890,Historic Centre of the Town of Diamantina,1999,Cultural,Latin America and the Caribbean
1044,892,Discovery Coast Atlantic Forest Reserves,1999,Natural,Latin America and the Caribbean
1045,893,Atlantic Forest South-East Reserves,1999,Natural,Latin America and the Caribbean
991,840,Vi–ales Valley,1999,Cultural,Latin America and the Caribbean
1041,889,Desembarco del Granma National Park,1999,Natural,Latin America and the Caribbean
1014,863,Historic Centre of Santa Ana de los R’os de Cuenca,1999,Cultural,Latin America and the Caribbean
1046,895,Historic Fortified Town of Campeche,1999,Cultural,Latin America and the Caribbean
1094,939,Archaeological Monuments Zone of Xochicalco,1999,Cultural,Latin America and the Caribbean
1063,910,Brimstone Hill Fortress National Park,1999,Cultural,Latin America and the Caribbean
1092,937,Pen’nsula Vald_s,1999,Natural,Latin America and the Caribbean
1083,928,Area de Conservaci—n Guanacaste,1999,Natural,Latin America and the Caribbean
1130,966,Ischigualasto / Talampaya Natural Parks,2000,Natural,Latin America and the Caribbean
1159,995,Jesuit Block and Estancias of C—rdoba,2000,Cultural,Latin America and the Caribbean
670,567,Tiwanaku: Spiritual and Political Centre of the Tiwanaku Culture,2000,Cultural,Latin America and the Caribbean
1131,967,Noel Kempff Mercado National Park,2000,Natural,Latin America and the Caribbean
1163,998,Central Amazon Conservation Complex,2000,Natural,Latin America and the Caribbean
1164,999,Pantanal Conservation Area,2000,Natural,Latin America and the Caribbean
1135,971,Churches of Chilo_,2000,Cultural,Latin America and the Caribbean
728,613,Ruins of Le—n Viejo,2000,Cultural,Latin America and the Caribbean
1186,1016,Historical Centre of the City of Arequipa,2000,Cultural,Latin America and the Caribbean
1187,1017,Central Suriname Nature Reserve,2000,Natural,Latin America and the Caribbean
1150,986,Ciudad Universitaria de Caracas,2000,Cultural,Latin America and the Caribbean
1178,1008,Archaeological Landscape of the First Coffee Plantations in the South-East of Cuba,2000,Cultural,Latin America and the Caribbean
1157,993,Historic Centre of the Town of Goi‡s,2001,Cultural,Latin America and the Caribbean
1166,1000,Brazilian Atlantic Islands: Fernando de Noronha and Atol das Rocas Reserves,2001,Natural,Latin America and the Caribbean
1208,1035,Cerrado Protected Areas: Chapada dos Veadeiros and Emas National Parks,2001,Natural,Latin America and the Caribbean
989,839,Alejandro de Humboldt National Park,2001,Natural,Latin America and the Caribbean
1963,1061,"Ancient Maya City and Protected Tropical Forests of Calakmul, Campeche",2002,Mixed,Latin America and the Caribbean
1096,940,Historic Inner City of Paramaribo,2002,Cultural,Latin America and the Caribbean
1295,1116,Quebrada de Humahuaca,2003,Cultural,Latin America and the Caribbean
1123,959,Historic Quarter of the Seaport City of Valpara’so,2003,Cultural,Latin America and the Caribbean
1256,1079,Franciscan Missions in the Sierra Gorda of Quer_taro,2003,Cultural,Latin America and the Caribbean
1316,1136,Luis Barrag‡n House and Studio,2004,Cultural,Latin America and the Caribbean
1341,1161,Pitons Management Area,2004,Natural,Latin America and the Caribbean
1869,1178,Humberstone and Santa Laura Saltpeter Works,2005,Cultural,Latin America and the Caribbean
1379,1202,Urban Historic Centre of Cienfuegos ,2005,Cultural,Latin America and the Caribbean
1873,1182,Islands and Protected Areas of the Gulf of California,2005,Natural,Latin America and the Caribbean
1319,1138,Coiba National Park and its Special Zone of Marine Protection,2005,Natural,Latin America and the Caribbean
1391,1214,Sewell Mining Town,2006,Cultural,Latin America and the Caribbean
1393,1216,Malpelo Fauna and Flora Sanctuary,2006,Natural,Latin America and the Caribbean
1386,1209,Agave Landscape and Ancient Industrial Facilities of Tequila,2006,Cultural,Latin America and the Caribbean
1427,1250,Central University City Campus of the <i>Universidad Nacional Aut—noma de M_xico</i> (UNAM),2007,Cultural,Latin America and the Caribbean
1482,1270,Historic Centre of CamagŸey,2008,Cultural,Latin America and the Caribbean
1493,1274,Protective town of San Miguel and the Sanctuary of Jesœs Nazareno de Atotonilco,2008,Cultural,Latin America and the Caribbean
1521,1290,Monarch Butterfly Biosphere Reserve,2008,Natural,Latin America and the Caribbean
1615,1269,Sacred City of Caral-Supe,2009,Cultural,Latin America and the Caribbean
1725,1272,S‹o Francisco Square in the Town of S‹o Crist—v‹o,2010,Cultural,Latin America and the Caribbean
1691,1351,Camino Real de Tierra Adentro,2010,Cultural,Latin America and the Caribbean
1693,1352,Prehistoric Caves of Yagul and Mitla in the Central Valley of Oaxaca,2010,Cultural,Latin America and the Caribbean
1786,1376,Historic Bridgetown and its Garrison,2011,Cultural,Latin America and the Caribbean
1787,1121,Coffee Cultural Landscape of Colombia,2011,Cultural,Latin America and the Caribbean
1789,1236,Le—n Cathedral,2011,Cultural,Latin America and the Caribbean
1843,1100,Rio de Janeiro: Carioca Landscapes between the Mountain and the Sea,2012,Cultural,Latin America and the Caribbean
1858,1410,El Pinacate and Gran Desierto de Altar Biosphere Reserve,2013,Natural,Latin America and the Caribbean
1997,1453,Precolumbian Chiefdom Settlements with Stone Spheres of the Diqu’s,2014,Cultural,Latin America and the Caribbean
2003,1459,"Qhapaq „an, Andean Road System",2014,Cultural,Latin America and the Caribbean
2015,1356,Blue and John Crow Mountains ,2015,Mixed,Latin America and the Caribbean
2024,1463,Aqueduct of Padre Tembleque Hydraulic System,2015,Cultural,Latin America and the Caribbean
2025,1464,Fray Bentos Industrial Landscape,2015,Cultural,Latin America and the Caribbean
2086,1499,Antigua Naval Dockyard and Related Archaeological Sites,2016,Cultural,Latin America and the Caribbean
2077,1493,Pampulha Modern Ensemble,2016,Cultural,Latin America and the Caribbean
2102,1510,Archipi_lago de Revillagigedo,2016,Natural,Latin America and the Caribbean
2085,1321,"The Architectural Work of Le Corbusier, an Outstanding Contribution to the Modern Movement",2016,Cultural,Latin America and the Caribbean